{"stats":{"minecraft:crafted":{"minecraft:oak_planks":24},"minecraft:killed":{"minecraft:sheep":3},"minecraft:mined":{"treechop:chopped_log":1,"minecraft:oak_leaves":1},"minecraft:picked_up":{"minecraft:gray_wool":1,"minecraft:oak_log":6,"minecraft:oak_sapling":4,"minecraft:black_wool":1,"minecraft:mutton":3,"minecraft:white_wool":1},"minecraft:used":{"minecraft:oak_log":2,"minecraft:stone_sword":8,"minecraft:oak_sapling":4},"minecraft:dropped":{"minecraft:oak_log":1},"minecraft:custom":{"minecraft:time_since_rest":8173,"minecraft:sprint_one_cm":7499,"minecraft:play_time":8173,"minecraft:walk_one_cm":12795,"minecraft:walk_under_water_one_cm":97,"minecraft:mob_kills":3,"minecraft:drop":1,"minecraft:damage_dealt_resisted":0,"minecraft:jump":45,"minecraft:damage_dealt":240,"minecraft:leave_game":2,"minecraft:walk_on_water_one_cm":96,"minecraft:time_since_death":8173,"minecraft:total_world_time":8173,"minecraft:hex":0,"minecraft:swim_one_cm":912,"minecraft:fall_one_cm":894,"minecraft:fly_one_cm":5082}},"DataVersion":3465}