{"stats":{"minecraft:mined":{"treechop:chopped_log":1},"minecraft:picked_up":{"minecraft:birch_log":5,"minecraft:birch_sapling":1},"minecraft:used":{"minecraft:birch_sapling":1,"minecraft:bread":1},"minecraft:custom":{"minecraft:jump":33,"minecraft:time_since_rest":5934,"minecraft:sprint_one_cm":5161,"minecraft:leave_game":1,"minecraft:play_time":5934,"minecraft:damage_taken":200,"minecraft:time_since_death":5934,"minecraft:walk_one_cm":12332,"minecraft:total_world_time":5934,"minecraft:hex":0,"minecraft:fall_one_cm":1613,"minecraft:fly_one_cm":2987}},"DataVersion":3465}